id,name,model_id:id,group_id:id,perm_read,perm_write,perm_create,perm_unlink
access_hr_employee_payment_cycle_setting_user,hr.employee.payment.cycle.setting.user,model_hr_employee_payment_cycle_setting,hr_payroll.group_hr_payroll_user,1,0,0,0
access_hr_employee_payment_cycle_setting_manager,hr.employee.payment.cycle.setting.manager,model_hr_employee_payment_cycle_setting,hr_payroll.group_hr_payroll_manager,1,1,1,0
access_account_payment_payslip_allocation_user,account.payment.payslip.allocation.user,model_account_payment_payslip_allocation,hr_payroll.group_hr_payroll_user,1,0,0,0
access_account_payment_payslip_allocation_manager,account.payment.payslip.allocation.manager,model_account_payment_payslip_allocation,hr_payroll.group_hr_payroll_manager,1,1,1,1
access_hr_payroll_cycle_user,hr.payroll.cycle.user,model_hr_payroll_cycle,hr_payroll.group_hr_payroll_user,1,0,0,0
access_hr_payroll_cycle_manager,hr.payroll.cycle.manager,model_hr_payroll_cycle,hr_payroll.group_hr_payroll_manager,1,1,1,1
access_hr_payroll_cycle_line_user,hr.payroll.cycle.line.user,model_hr_payroll_cycle_line,hr_payroll.group_hr_payroll_user,1,0,0,0
access_hr_payroll_cycle_line_manager,hr.payroll.cycle.line.manager,model_hr_payroll_cycle_line,hr_payroll.group_hr_payroll_manager,1,1,1,1
access_hr_payroll_cycle_type_wizard_manager,hr.payroll.cycle.type.wizard.manager,model_hr_payroll_cycle_type_wizard,hr_payroll.group_hr_payroll_manager,1,1,1,1
access_hr_payroll_instruction_wizard_manager,hr.payroll.instruction.wizard.manager,model_hr_payroll_instruction_wizard,hr_payroll.group_hr_payroll_manager,1,1,1,1
access_hr_payslip_overpayment_close_wizard_user,hr.payslip.overpayment.close.wizard.user,model_hr_payslip_overpayment_close_wizard,hr_payroll.group_hr_payroll_user,1,1,1,1
access_hr_payslip_overpayment_close_wizard_line_user,hr.payslip.overpayment.close.wizard.line.user,model_hr_payslip_overpayment_close_wizard_line,hr_payroll.group_hr_payroll_user,1,1,1,1
